{"cameraMode":{"drawMode":0,"name":"Shaded","section":"Shading Mode"},"sceneLighting":true,"audioPlay":false,"sceneViewState":{"m_AlwaysRefresh":false,"showFog":true,"showSkybox":true,"showFlares":true,"showImageEffects":true,"showParticleSystems":true,"showVisualEffectGraphs":true,"m_FxEnabled":true},"in2DMode":false,"pivot":{"x":0.9900796413421631,"y":-2.526806354522705,"z":-0.18324971199035645},"rotation":{"x":0.2530441880226135,"y":-0.06956787407398224,"z":0.018312906846404077,"w":0.9648109078407288},"size":5.695399284362793,"orthographic":false}