{"cameraMode":{"drawMode":0,"name":"Shaded","section":"Shading Mode"},"sceneLighting":true,"audioPlay":false,"sceneViewState":{"m_AlwaysRefresh":false,"showFog":true,"showSkybox":true,"showFlares":true,"showImageEffects":true,"showParticleSystems":true,"showVisualEffectGraphs":true,"m_FxEnabled":true},"in2DMode":false,"pivot":{"x":434.0461730957031,"y":324.6702575683594,"z":11.14300537109375},"rotation":{"x":0.025499237701296808,"y":0.00749520119279623,"z":-0.00020675198175013065,"w":0.9996641278266907},"size":257.4508972167969,"orthographic":false}