{"cameraMode":{"drawMode":0,"name":"Shaded","section":"Shading Mode"},"sceneLighting":true,"audioPlay":false,"sceneViewState":{"m_AlwaysRefresh":false,"showFog":true,"showSkybox":true,"showFlares":true,"showImageEffects":true,"showParticleSystems":true,"showVisualEffectGraphs":true,"m_FxEnabled":true},"in2DMode":false,"pivot":{"x":-1.1531891822814942,"y":0.49745333194732668,"z":4.1750006675720219},"rotation":{"x":0.19082166254520417,"y":-0.005889969877898693,"z":0.001143852830864489,"w":0.9816186428070068},"size":14.194591522216797,"orthographic":false}